channel_id,channel_url
phlearn,https://www.youtube.com/@phlearn
PhotoConversations,https://www.youtube.com/@PhotoConversations
jamiewindsor,https://www.youtube.com/@jamiewindsor
iPhone_Photography_School,https://www.youtube.com/@iPhone_Photography_School
PhotographyTVcom,https://www.youtube.com/@PhotographyTVcom
slrlounge,https://www.youtube.com/@slrlounge
CameraTalkVideos,https://www.youtube.com/@CameraTalkVideos
Shutterbug101,https://www.youtube.com/@Shutterbug101
matthewlittlewood,https://www.youtube.com/@matthewlittlewood
PhotoshopTrainingChannel,https://www.youtube.com/channel/UCdQ_ZkYaMe6qPoueUyPQgpQ
thisisframes,https://www.youtube.com/channel/UCVazokunXdsU_KhZZb7T9kQ
SteveGerrardPhotography,https://www.youtube.com/channel/UCo__OuKkUtcYyQ3pVCilbWw
PhotoshopTamilan,https://www.youtube.com/channel/UCsZiKQfIqf1eMxDs3V8ST8w
linusandhiscamera,https://www.youtube.com/channel/UC3UrTubzntGwzXMFvuGxh_Q
brooklynfilmcamera,https://www.youtube.com/channel/UCgttTP9m9ZaBIB-FHVsjofA
FilmPhotographyProject,https://www.youtube.com/channel/UCuIEnDthlBBWXhxoZxIXlUg
NicosPhotographyShow,https://www.youtube.com/channel/UCkcuvqBAZPgTJ9evx9wkzvA
FilmPhotography-TaylorJackson,https://www.youtube.com/channel/UCNzx6d-H0a3Pzd7jTgkFppQ
FilmPhotographyChannel,https://www.youtube.com/channel/UCuu1PNmOFTb8i7NOg1fZyFQ
FilmCameras,https://www.youtube.com/channel/UCs72j2OXedJfEvoyblDUaTw
FilmSupplyClub,https://www.youtube.com/channel/UC1TF5VhiFgWw0c61vnTA6Tw
phlearn,https://www.youtube.com/channel/UC47XN5bhLTBH5TRFyKaUpKg
HowardPinsky,https://www.youtube.com/channel/UC48fSJKMFBka3Zl0u7DGf0A
photoshoptutorials8559,https://www.youtube.com/channel/UCRv33-aa67mPcDWF2jocHSg
educativemethun6185,https://www.youtube.com/channel/UC7m-McwPdrga16JPLe9WOOA
ThePhlogPhotography,https://www.youtube.com/channel/UCeos-Ju_sSs7Wb7FR-2VcQA
mrdesigner35,https://www.youtube.com/channel/UCfx0U8dps132T5f_wNZCIhg
rajbanik_official,https://www.youtube.com/channel/UCIdAwPkHjvFrUqRGcyUOtOg
CreativeStudioByMim,https://www.youtube.com/channel/UCjz43T7xkSVd-it9G8TZmAQ
learnfromfiverr877,https://www.youtube.com/channel/UCu6axJUOJhG2KBF_XkLkXmA
TodaysCreatorPod,https://www.youtube.com/channel/UCSmLc0fzZsZLoTe5il99hcw
PhotoConversations,https://www.youtube.com/channel/UCXga3OFVs5BG0uSTrYDMzmw
Photo_Chat,https://www.youtube.com/channel/UCT45JkhVrYnZQ9ikABlYMuA
daxiangphototalks,https://www.youtube.com/channel/UC8_UxKC6fCcz1_JnHQ0sa6A
kindafool8515,https://www.youtube.com/channel/UC9JMncB0oqIyQYGrb6Q7rLA
octavotrim,https://www.youtube.com/channel/UCLBbKi6WQGXWEvDycLS47yA
PHLEARN.TELUGU,https://www.youtube.com/channel/UCGdNnqdUfngXgrEPHjXNrnA
phlearneasycreative37,https://www.youtube.com/channel/UCyHZWgBBOeqBtO1eTpTQDGw
phlearn2269,https://www.youtube.com/channel/UCe6B38ERPNX8AGTiQHVRWEw
creativealbumsdesign7455,https://www.youtube.com/channel/UC5isCiDyU44fEGcUiBVO79g
rehmanieditz4309,https://www.youtube.com/channel/UCzPMi9PLH_O4leD6D3rQaOQ
speedtutoz943,https://www.youtube.com/channel/UCcd3LJ9e6nQV-UYQZ5eaixQ
fixn.frame_,https://www.youtube.com/channel/UCoh70dA-xypQ9p2TbuUExqg
creativealbumsdesign3581,https://www.youtube.com/channel/UCsJse3c0iFzYTzXjLnN928Q
graphicdesign8630,https://www.youtube.com/channel/UC3_LLapQaxGP10OXP7UWAdw
blueprimes101,https://www.youtube.com/channel/UCSiQRKazXQjHMh17QDL-sgA
PhotographyEducators,https://www.youtube.com/channel/UCehHoZ2932g_6Nst9JNHZNg
VisualEducationStudio,https://www.youtube.com/channel/UCZajtzLoD3nxn2G9ripCjPg
rapeducationphotography,https://www.youtube.com/channel/UCviR1VkToYZPgAc9QshZyuA
photographyeducation,https://www.youtube.com/channel/UCGhCT9WOlBuJBE1YeqsXBOg
theschoolofphotography,https://www.youtube.com/channel/UCdkflGXVy2R_z8JT9kR_oEA
photographyeducation5869,https://www.youtube.com/channel/UCst0HBOOMX3Nj3MtNlCLcuw
GPPE-GavriellaPetPhotographyEd,https://www.youtube.com/channel/UCsKzkTAG_jsgI1ScbMO34yA
UnleashedEducation,https://www.youtube.com/channel/UCreAg97ComjnMD0OmwrXv0A
NitishNayak-7782,https://www.youtube.com/channel/UCp53eFPj4y4sBgWtfi4vHEA
code17hairdressingphotogra46,https://www.youtube.com/channel/UCFcXclCWlFvFGoIUx8rBTdg
BarbarichPhoto,https://www.youtube.com/channel/UCHlJH23YySXFTTIdwpn-fig
photographyeducation8774,https://www.youtube.com/channel/UCdM7fpyV4TbeLYY0Q7d5OPQ
nicolebegleyedu,https://www.youtube.com/channel/UCqdNutgMHZQSjs6cSdhgyYQ
RebeccaRiceEducation,https://www.youtube.com/channel/UCZVQmCl-su5LlR5GV31kpVw
PhotographyEducation-ix1sf,https://www.youtube.com/channel/UCOVfMVuksVVZExY4kcstmYQ
vauemphotographyeducation,https://www.youtube.com/channel/UClTuHbf-vTfkMDHbrqORdPg
bradfordsphotographyllc,https://www.youtube.com/channel/UClcxc8OFy4GWsCWIrZjGaWw
JCarrPhotographyEducation,https://www.youtube.com/channel/UC2SNL2VBuDFY2QVqj091ciA
TaraMapesPhotography,https://www.youtube.com/channel/UCoOt9utynBzg_Yfvdkm1ObA
BritishAcademyofPhotography,https://www.youtube.com/channel/UCFXbYlIQSwqAknnVeP329OA
NatureNomads-ud7iq_nan,https://www.youtube.com/channel/UCJ6U1YWbQqmZMZPkW22D0mg
NanPacharaNan,https://www.youtube.com/channel/UCBsFbCM1614pOXbL89EoJZw
nan_22,https://www.youtube.com/channel/UCtIjFbeSQwWLvVzyh5JKhDw
yomfnan,https://www.youtube.com/channel/UCwZgW2GsbF-RFVtZsS0tCxw
NanSimonsen,https://www.youtube.com/channel/UCLjQbufPO3Vns0w_FcCYFCg
AungNanTaw689,https://www.youtube.com/channel/UC4DNNIAaM7fodLKNt5ECPhA
Belltus,https://www.youtube.com/channel/UCgyZM4we6-xYamgUz21GMBw
PUNANភូមិខ្ជាយ,https://www.youtube.com/channel/UCV-5tg6T1OMfrXYpNHN7PoA
NansReadingNook,https://www.youtube.com/channel/UCi2sAcpeK89DBJ0RXy9LYKQ
vireaknan361,https://www.youtube.com/channel/UCL1R78dA3uiH5_TxvZfNEMQ
Nankhamyin04,https://www.youtube.com/channel/UCh0nv3CEO7mTLHdK7W-wK3w
PongNan,https://www.youtube.com/channel/UCtddwLdoYZKjo-pQugqtkVA
NanNanCameragraphy,https://www.youtube.com/channel/UCko-wZ3b_WuOIx0_rlP7Org
NANligo,https://www.youtube.com/channel/UCBgQAjLMtt9xkEGceVOGAqg
NgelayNan,https://www.youtube.com/channel/UC4rK46Kaf9ZXpIEkdwMmLQw
NAN-c7q,https://www.youtube.com/channel/UCxx2mwwsCI_qzHj-0w6R-mg
NanNan-o4d6w,https://www.youtube.com/channel/UC-zTHvXi3gChUE2Srps-doA
iPhone_Photography_School,https://www.youtube.com/channel/UC1Q5iU8ODtqQjKFZgz8JAPg
iphone50730,https://www.youtube.com/channel/UCr4tRgg3s5UO6Fk8-SliBmw
iphonephotoshoot,https://www.youtube.com/channel/UCfktOn00SVeDfJhxGI14Ycg
andrewvalentine3764,https://www.youtube.com/channel/UCnC1b2Yv1qtei2iJtqEMZ9Q
CrushingPhotography,https://www.youtube.com/channel/UCq8WNaRYZVL1nMk8O7uCaGw
iPhonePhotographySchool-vy4wh,https://www.youtube.com/channel/UCCNg5zV0Sc3XoUQxHgW_LVA
harrywood97,https://www.youtube.com/channel/UCL_nVpcn_eO0NtdYCddV_7g
filmstorytelling8346,https://www.youtube.com/channel/UCGcbqUMdD0jeFoYUrQSpwug
TheJRobins,https://www.youtube.com/channel/UCPtYIDVnOtz3hEAX6Ti9M8g
juliancachia9608,https://www.youtube.com/channel/UCO36ZpVVgYQdeOsOt7oFyJA
kunalprithviraj1711,https://www.youtube.com/channel/UClpemx0q2gUXcXj1kmfEAuA
ariefnurhidayanto2257,https://www.youtube.com/channel/UCUfCLt9Ss6_swLIumcdJ0CQ
PhotographyTVcom,https://www.youtube.com/channel/UC_QlBKlb1mlrXNcoCUue62Q
JohnMcKennaPhotography,https://www.youtube.com/channel/UCRUGdwmfNgx5npcDUVEl2jg
MaChehar-,https://www.youtube.com/channel/UCGJ4qgis7LD5P_KZMRLDd-Q
snipethemoment4456,https://www.youtube.com/channel/UCBAYY-r7xCYKg0YqrEprPAw
picstory5356,https://www.youtube.com/channel/UCmtwFBDljBbOCpdG88MgONA
throughsadimseye3786,https://www.youtube.com/channel/UCEMZ00sHhUoR5Ga3ih1RdBQ
betweenthebrackets7494,https://www.youtube.com/channel/UCJXLrV5jXIOPRmLXDNPeMtQ
fuigy7731,https://www.youtube.com/channel/UCkov-EsC6uAJ4NXCtzyj2TA
YuriFineart,https://www.youtube.com/channel/UCy5SFbyxDPFC_xNFdDUteJA
PhotoShootingGuide,https://www.youtube.com/channel/UCuX2CIOJpczBkAjjVFCT83g
ChrisOrange,https://www.youtube.com/channel/UCnls93AWZh8iv-fq5aA5gqQ
naveed098,https://www.youtube.com/channel/UCRk_5BsjazNkNXnETzduKpQ
LGphotograph,https://www.youtube.com/channel/UCkA4i-CyzS0Ez5R9KwjN2LA
ShutterVibe-k5i,https://www.youtube.com/channel/UClzZVid5kgo7IihrLyLyi1A
cinegraphcc6089,https://www.youtube.com/channel/UCUCG0unLMXsBzm28p9a7Luw
hamsphotovlogs,https://www.youtube.com/channel/UCofQi1czlsqBKWK28ZlIywg
arielgitanaphotography7256,https://www.youtube.com/channel/UCnrUU3BKEZjubzg3qdxDkgw
creativephotography-m3k,https://www.youtube.com/channel/UCSiOH_2664vB7Bsnqwl0ClA
EasyClicks-o2n,https://www.youtube.com/channel/UCZpqcjGexmy737BCahs-dsQ
philm,https://www.youtube.com/channel/UCkm8HkkJ5LycPaBaNFDnRyA
edverosky,https://www.youtube.com/channel/UCzYoPONSfo9izLEHZKq9V2g
proedututorials,https://www.youtube.com/channel/UCaof5tcBQSY7f-SceS-_Xog
slrlounge,https://www.youtube.com/channel/UCTSgfO_OkfRX8dm4YhCg3fg
VisualArtPhotography,https://www.youtube.com/channel/UCS3I7p5rSe3xUXSLiEb8MBA
MangoStreet,https://www.youtube.com/channel/UC5bp5_6h-ZxkBz6S_33ZUVg
JimmyMcIntyre,https://www.youtube.com/channel/UCnUOWBfHNpdQjhTPSd3-0cw
PhotographyPro,https://www.youtube.com/channel/UC9n0tUXP7QB5ALfg3PFO19A
2MinutePhotographyTutorials,https://www.youtube.com/channel/UCqVzptQx3IeYMVMKhsIPIbQ
PaulMiguelPhotography,https://www.youtube.com/channel/UCT4ayjczXZheY1rKleQ1amg
photographytutorials,https://www.youtube.com/channel/UCUQlAAnBLpqf37mn0_eHsKw
juliatrotti,https://www.youtube.com/channel/UCxbCDVe8TuzLbPFnxlC55Nw
kunalchakladarphotography,https://www.youtube.com/channel/UCh9YINba03KN-A60jYW4Kbg
photographytutorials1903,https://www.youtube.com/channel/UC6SE2E-GcUQqfxGsWOe3EoQ
photographytutorials8295,https://www.youtube.com/channel/UCQwprocW1thoVjzCNCFNenA
ginamiliciatutorials,https://www.youtube.com/channel/UCRqJ36ksszWHI4r6m5YXPXA
RichardBarleyphoto,https://www.youtube.com/channel/UCyzNq7pEa8fJVAnPbKSMqzw
ArchitecturePhotoTutorials,https://www.youtube.com/channel/UCb5L8wiPwfBDzoiNe8AOsnw
photography-tutorials,https://www.youtube.com/channel/UCJ4I9EW9Dg5OXOUbX2vYZfQ
photographytutorials6586,https://www.youtube.com/channel/UC2FSOTDbe9IwvSCh0O_Q7dw
photographytutorials3499,https://www.youtube.com/channel/UCt8p5e2ZV1Vp0mIT0UfXS4Q
CameraTalkVideos,https://www.youtube.com/channel/UClpsGhEazzXbNyVzkxbL8mg
christopherfrost,https://www.youtube.com/channel/UCxoyIXANauK4cEfy0Wc09IA
CameraClubLive,https://www.youtube.com/channel/UCzxrJKoiArcfvgIEm7SKNoQ
photographycameras4728,https://www.youtube.com/channel/UCd-YVPacZkZRynCiq0cl4zw
KaiManWong,https://www.youtube.com/channel/UCknMR7NOY6ZKcVbyzOxQPhw
TonyAndChelsea,https://www.youtube.com/channel/UCDkJEEIifDzR_2K2p9tnwYQ
cameraconspiracies,https://www.youtube.com/channel/UCwxgo62w72LxZDA1fTibdYg
PhotographyOnline,https://www.youtube.com/channel/UCPGVcUjuoNmZopQcMsoo1Ww
parkcameras,https://www.youtube.com/channel/UC2Wkp2DC5mwDu6L_157jrhg
WexPhotoVideo,https://www.youtube.com/channel/UCF2Y92xJORglC1xLO_zyObQ
OMSYSTEMCameras,https://www.youtube.com/channel/UCOEymkD9VnWM5dZHj08EZVA
theartofphotography,https://www.youtube.com/channel/UC7T8roVtC_3afWKTOGtLlBA
TheCameraStoreTV,https://www.youtube.com/channel/UCqpOf_Nl5F4tjwlxOVS6h8A
AndrewGoodCamera,https://www.youtube.com/channel/UCBP4ONfugOhpI5juBKE_PTg
learningcameras,https://www.youtube.com/channel/UCZUaaalM0k4QrB0ID2k3GwQ
WilkinsonCameras,https://www.youtube.com/channel/UCF-EM5pNDVJf6xXnEXOlg4w
cameralabs,https://www.youtube.com/channel/UCmjNQjjxPOP9jMTQAqaP1PQ
Campkins-cameras,https://www.youtube.com/channel/UCZraLgOl0JyJNP0ZlfJk_aA
Shutterbug101,https://www.youtube.com/channel/UCIz-Z2q7DC6EbN5gC1HXWGA
CanonUSA,https://www.youtube.com/channel/UCvqs9r3h9dh87lRHSatDpNg
simon_dentremont,https://www.youtube.com/channel/UCH6acC9jnug-mI4vdGvuDbA
canonanz,https://www.youtube.com/channel/UCDUWA-cTYMcuURVGS2F4bJw
anggahrmdh,https://www.youtube.com/channel/UCNXlQ-k0V3y4s-hlI1u6uGw
Duade,https://www.youtube.com/channel/UC7cMXJb97jITBo5jMBdAsTw
photogenius,https://www.youtube.com/channel/UC9lyUdwosxq_OxC1uggjUPA
CanonImagingAsia,https://www.youtube.com/channel/UCKWplHU_xgyAzCiDGYSYzvA
CanonHongkong,https://www.youtube.com/channel/UCBIOCG38Qpg-fE555HOYDVA
PeterMcKinnon,https://www.youtube.com/channel/UC3DkFux8Iv-aYnTRWzwaiBA
Canonone,https://www.youtube.com/channel/UCWSiqolZi-ml8CJcMUwU2Pg
photographycanon9696,https://www.youtube.com/channel/UCvQWibB3iY2HzvPXF8uCFww
canoncanada,https://www.youtube.com/channel/UCer5-CpSeOpJjABIpDtg5Qg
quareysmaticphotography,https://www.youtube.com/channel/UCb0nBIi4tYZo0u8cpyD0KfA
CanonPhils,https://www.youtube.com/channel/UCcj0y8OURda9zhJXlaF3AwA
BálintSzűcs-x8t,https://www.youtube.com/channel/UCXXgFrLSJ6Wj6UVCrJ2gcBw
canonphotography1010,https://www.youtube.com/channel/UC8zWDVPzLQXbsKdTFSLVRFw
ShaneLongPhotography,https://www.youtube.com/channel/UCkbC_Gew3b6nX-VuL8xOV6A
Clipartsbs,https://www.youtube.com/channel/UCQWbOp7LJvEvX-kcFjnjLAw
zubairgraphicsdesigner.1657,https://www.youtube.com/channel/UC1JHuf1is9M5HW_pqWbe92g
Abgraphicsart,https://www.youtube.com/channel/UCR2lvGw7_JBE1gbhFtvsgrg
KPcreations-1o,https://www.youtube.com/channel/UC6E2DfqL8afaw7TQ0g9Rpvg
pixelmentorindia,https://www.youtube.com/channel/UCvhlvNEWEbJpuWtYeT1i3mw
mintstudio-in,https://www.youtube.com/channel/UC6Yq6_kS3JZYYXyMLF15AKA
PHANTOMGRAPHICS-js224,https://www.youtube.com/channel/UCsQM3mrEGN1VFG2-QNLB_9w
Mika_formateur-photoshop,https://www.youtube.com/channel/UCRgr3WsRhAj1Az4sG66zIlw
BG._.CREATION,https://www.youtube.com/channel/UC7gT0cWa9ByiwWkzBDJbeKg
himenoke,https://www.youtube.com/channel/UC3ffsjsug_4S_nQkHsghTkQ
Home_designe_touba,https://www.youtube.com/channel/UCaPxYtk3e9WlDWHXmBBE3XQ
amerhassan1,https://www.youtube.com/channel/UCCPDXUFlvv-Jm6QfjtFTT1w
searchPS,https://www.youtube.com/channel/UCrq-NCDvlE-ZioHF2nwac5Q
irshadcreation3282,https://www.youtube.com/channel/UCaP8bbK2etzA77kGWsb1GVQ
Varunkushwaha893,https://www.youtube.com/channel/UCcCTDbdtmiptFlY0sY_Pc0A
NewWorldOps,https://www.youtube.com/channel/UC6lrxMZggMaN1u2V9N2-zrQ
pst.design,https://www.youtube.com/channel/UCxhohBYvoxQbzDAr_yAs6iw
WebflippyOfficialPage,https://www.youtube.com/channel/UCtB_aACPCviwLVW2VFHTRVQ
photoshoptutorialsbylayerl1447,https://www.youtube.com/channel/UCyIPU7lKFCv4vk5SV9IHl2w
SportsPhotoshopTutorials,https://www.youtube.com/channel/UC-XriIY31qlDEwMCchbmwvg
adobephotoshoptutorial,https://www.youtube.com/channel/UCXQ6TqIBLDu5VKJy7vo1FCg
BrightPhotoshopTutorials,https://www.youtube.com/channel/UCaZQ7Z5jaCMONdrt4FiR4xw
tutvid,https://www.youtube.com/channel/UCeR7U67I2J1icV8E6Rn40vQ
photoshoptutorialsyoutube7223,https://www.youtube.com/channel/UC8X444Wn2ncEGIiKuRQtsYA
photoshoptutorials4626,https://www.youtube.com/channel/UCpNyDpDpXfARFsi6sU2VIXw
photoshoptutorials6335,https://www.youtube.com/channel/UCQi2nuZNXQBCkSX4uc3e6WA
tbphotoshoptutorials3836,https://www.youtube.com/channel/UCJxTiW6Ta2vmadhluTmU15Q
adobephotoshoptutorials4730,https://www.youtube.com/channel/UCiuAyOyn2Bo0_u_yPQZJQ5w
photoshoptutorial3426,https://www.youtube.com/channel/UCpcba-3v3712RsV4hWUSnOA
photoshoptutorials2504,https://www.youtube.com/channel/UCYbwgWs-3lLDOzfOxFuomwA
Pejiz,https://www.youtube.com/channel/UCY-6h5VhuOU9pk1gXZPmAjA
pstutorialls,https://www.youtube.com/channel/UCeMCKfpmlVwNrc3pHgmdcRw
photoshoptutorial8481,https://www.youtube.com/channel/UCWoasaxlApY9ACCwCj0fYCA
PhotoshopTutorialsPS,https://www.youtube.com/channel/UCpuMFWn1Avfo3wg0Ja3OK8A
photoshoptutorials579,https://www.youtube.com/channel/UCfe3aoE-5kdPmrsuuA6dwNw
Inspirationphotographers,https://www.youtube.com/channel/UCvp8Ba0pU09ZVZJXEaGU9DA
photographyinspiration,https://www.youtube.com/channel/UCwfn06VkeK2WYDGSTDYgUZA
TheCooph,https://www.youtube.com/channel/UCn5C6P1rxY6PEU6xUKapbCQ
ourPPA,https://www.youtube.com/channel/UCMduvMqHlwMbVINdRFfiKGA
Firstmanphotography,https://www.youtube.com/channel/UCwwjvMqaCoIderEkSuw6pjQ
ShuttermonkeysTV,https://www.youtube.com/channel/UCBY0bNW4MHsJuz-6nCceTLw
SimonBaxterPhotography,https://www.youtube.com/channel/UCcGPU4A6xJ1OYOkvfMoo25w
inspirationofphotography1928,https://www.youtube.com/channel/UCv4IZBgL1tg3Bk8xUDEM4lw
distantmedia,https://www.youtube.com/channel/UCAsUZId62BBbeSyv1uceQzQ
BetterPhoto,https://www.youtube.com/channel/UCUZ-9NOEwrNLkHlaB7KBTUg
dreamlifephotography,https://www.youtube.com/channel/UC_EwvRmAtasWxj_TSLmGf3w
andreshernandez,https://www.youtube.com/channel/UCtha9wDlgdoxHwsnZIb2l2w
PeteCocoPhoto,https://www.youtube.com/channel/UCeAw-QhVFXioQjQSKfSPVoQ
DarrellOakdenPhotography,https://www.youtube.com/channel/UCyMhKDP71rGo4KSaA0sln4g
inspirationphotography8762,https://www.youtube.com/channel/UCVZoCwbDc7QN49-K2kF6WtA
SnapshotsofInspiration,https://www.youtube.com/channel/UCvaju1mfwVQEu33G5lwT5ag
thephotographypod,https://www.youtube.com/channel/UCkkYU4pRd1uDH101-CGMOxA
100_photos,https://www.youtube.com/channel/UC-XXaDeekW59JgddPqVzkyQ
MagicWeddingPhotographer,https://www.youtube.com/channel/UCyGgPw6BpG24EW56YYknWVg
seantuck,https://www.youtube.com/channel/UC_43mQmHwHPTBBqImFrWU3Q
MadsPeterIversen,https://www.youtube.com/channel/UCrWU2BpF6zvRFnkYHDDYHDg
ThePhotographersGalleryLondon,https://www.youtube.com/channel/UCPJvLTB8xK2K2V0elQV_Sgw
ThePhotographicEye,https://www.youtube.com/channel/UCdQ2jU3p06eoXfrSWchHOrQ
stevenbrookephotography,https://www.youtube.com/channel/UCWQ6mvURk1hh8-FabdHcADQ
AmateurPhotographerTV,https://www.youtube.com/channel/UCs_AfAJx0_bE-_EJXYo10vw
ThomasHeatonPhoto,https://www.youtube.com/channel/UCfhW84xfA6gEc4hDK90rR1Q
kellybrownphotographer,https://www.youtube.com/channel/UCsBh1s1WdBx24tJd-zvqlYQ
nickcarverphoto,https://www.youtube.com/channel/UCLcKQhTO6i0oq10S234vWyA
ThePhotographerAcademy,https://www.youtube.com/channel/UCwg2budyK4FW_qL-zEqmLjA
Pierretlambert,https://www.youtube.com/channel/UChuxvFyBYM3VtnLDz8l6vNA
Alister_Benn,https://www.youtube.com/channel/UCILI7Qu2dfTE0iWHGvIPwqA
AdobeTamizha,https://www.youtube.com/channel/UCYLSicYvcpLwWr0CVWE3xuA
sujith.b.stamilanphotoshop9188,https://www.youtube.com/channel/UC7a9g1UIqzgBMDnulARXc7g
pstamilan4902,https://www.youtube.com/channel/UCKCUr__6ldoNTEsCaBKHovg
tutytamilan,https://www.youtube.com/channel/UCuzst9_g53BjZsExk8qAXnw
ungalphotoshopnanban8946,https://www.youtube.com/channel/UCvJ6gtiGuB65KWHPTGA0tmA
tamilanarts9544,https://www.youtube.com/channel/UCRE529-MgYJOMLfcMK6j10Q
psdtamilan1737,https://www.youtube.com/channel/UCJyaXbvZF2hmRy1k1z_wJ7w
artmodetamilan7707,https://www.youtube.com/channel/UCAR5Npw3eeUvnYtWpc4rVlA
Pollachitamilan,https://www.youtube.com/channel/UCuaGWzNJeXDjP6grKsM8r8g
Tamilan_Software,https://www.youtube.com/channel/UCN32Foi5JO4aYASiUvZQ-CA
haritamilan5513,https://www.youtube.com/channel/UC0KaTJOQMu03W44aZsznHFg
tamilancreations1448,https://www.youtube.com/channel/UCZVydh8vr7Iw6naMpGqdAVA
pctamilan1057,https://www.youtube.com/channel/UC8yy-Ac_CUgniafmTZF_Jaw
rkdigitaltamilan,https://www.youtube.com/channel/UCq6HeokjNVlMVSiuTIkSgAg
welcometamilan9272,https://www.youtube.com/channel/UCwqJVySUS6vhYpZTi3qA5_w
welcometamilantouch3749,https://www.youtube.com/channel/UCuC-NjLYyqlPTQaeg9CkMfw
mechonizetamilan9693,https://www.youtube.com/channel/UCkPx8kDTIna73w9SIlzwrCQ
PCTAMILAN,https://www.youtube.com/channel/UCkedKAqa-Ojh_LYy-6S3Nqg
Subramani144,https://www.youtube.com/channel/UC_uj88hHcK72yVAYcCPIGBg
DocNan,https://www.youtube.com/channel/UCuqFvNfc4AXgSPDmVrfZeUg
nzjhbeck,https://www.youtube.com/channel/UCZuVx_30gZ_gc1iC1XdbJXA
nanwithabackpack,https://www.youtube.com/channel/UCbfuTt78Q5sud4lL8icDDRA
NanTienTemple,https://www.youtube.com/channel/UCJANL3aObC-EHXntC90l5zQ
nans721,https://www.youtube.com/channel/UC1wW0MvgSC_0FZEKzQocVuQ
innerjourneywithnan,https://www.youtube.com/channel/UCY-mH9yjVEhVUJrVODFljJQ
where0924,https://www.youtube.com/channel/UCXgdLcOKFJZMjG1tozG1jKA
NanRae,https://www.youtube.com/channel/UCPDLJLLboUrwp7gwWQ-dmeg
nancando6150,https://www.youtube.com/channel/UCpJwKhtY4pxofC0E2SkyzeQ
DrBeshoyNan,https://www.youtube.com/channel/UCGOMczDooxy0k1dDqtBHPZQ
JoyfulNan,https://www.youtube.com/channel/UCtu0Ab5fWt-s5tJJz2YKJMQ
MaChiNan,https://www.youtube.com/channel/UCVzGSCE8WSo7czVt7Kmfs9A
WillemVerb,https://www.youtube.com/channel/UCIvTu9cuf-NZFzHPJZPH23Q
teocrawford,https://www.youtube.com/channel/UCgHJi_FdfoFGyRl_RYp361A
Filmnoob_13,https://www.youtube.com/channel/UCWsTgnN0r1GkhVfB2jAMghg
LubchenkoPhoto,https://www.youtube.com/channel/UCse3GvUyH0lcCfMVqaYSoHQ
Filmphotography-tg7kr,https://www.youtube.com/channel/UCZ0U3h6Ul0ucAMrmHFdEcIQ
caffreycameron,https://www.youtube.com/channel/UC7f9rd7cZuWutwbZ45gvWxw
pentax.film.photography,https://www.youtube.com/channel/UC_w3lUa7nB5Xr2YSvxP9MSQ
erikesauceda,https://www.youtube.com/channel/UCkZxyPghYAcrVYURdYLZV6w
femigod,https://www.youtube.com/channel/UC_YbyfFVuPrY5_032hD1uJg
SophiaCarey,https://www.youtube.com/channel/UCDcdTie7e4SF14YqfQ0Ov-A
TataPhoCreator,https://www.youtube.com/channel/UCOl0sqRoJXErLKqfga2Sh2Q
reformedfilmlab,https://www.youtube.com/channel/UCdROzEK5ejWagUUVE2vdpRg
grainystories,https://www.youtube.com/channel/UCzQLM4hfeE21DFNnBV9L6_A
robsolete_format,https://www.youtube.com/channel/UCg6eJZI93zy_AF20RRLvjZA
LearnFilmPhotography,https://www.youtube.com/channel/UCM3boj3-i_LyiWQIQnBqZPQ
WithCielo,https://www.youtube.com/channel/UCV7uz019pNswO6DLD4Nhlkg
filmxenrique,https://www.youtube.com/channel/UCA6S_yGRG3-2kDNonShWJxw
film_friends,https://www.youtube.com/channel/UCgeSDwPH-6ttgxdPANBjQPQ
allruin,https://www.youtube.com/channel/UChqrV8SK98zxqf4S2jbW6Zw
metalfingersfilm,https://www.youtube.com/channel/UCnKY4vHTH747hWoMKBeLkIQ
HoldTheGrain,https://www.youtube.com/channel/UCNEcOIiE6EGjyokIehQMNuA
ANALOGFILM-wt5dz,https://www.youtube.com/channel/UC0TyPKbU7j5FAcz8SjWyYCg
analogfilm1880,https://www.youtube.com/channel/UC4BSFglE19zqUTu-PwRQl8A
AnalogResurgence,https://www.youtube.com/channel/UCL9A6v7YSOOVXwCpao6Bszg
AnalogFilmPhotography24,https://www.youtube.com/channel/UCtrZDH3YsDcRQuu6Vx9h8Hw
FilmFestAnalog,https://www.youtube.com/channel/UC9qDbDHpqIj6WFEEb3gGQ3A
AnalogueWonderland,https://www.youtube.com/channel/UCZXe1cKqp2QHa_jdImrdCRQ
AnalogFlashback,https://www.youtube.com/channel/UCM6JWOlA56yFjDclXkTxm4w
AnalogFilm499,https://www.youtube.com/channel/UCwxElFIiOkxpAxMnIp-ypOQ
OneYearWithFilmOnly,https://www.youtube.com/channel/UC30he5cycGFJBYt3w1sDpyQ
mythical.3d,https://www.youtube.com/channel/UCrX9L2BHOD1G8oiPd3th5bw
AnalogInsights,https://www.youtube.com/channel/UCEsIPHfiX6UpomrXTrdq67Q
AnalogFilmDesign,https://www.youtube.com/channel/UC-YsGl9bffY5Te8q8yLMIrA
analogfilm6742,https://www.youtube.com/channel/UCTt7jmNtwAE3n7mrT7gynbA
filmismorefun,https://www.youtube.com/channel/UCi4Z9CMZwcYPhl1FguWClzA
OnlyAnalogue,https://www.youtube.com/channel/UCH91Qfil7LI4kPFJSZmIcwg
analogsoulfilms,https://www.youtube.com/channel/UCSMkTMR2GfSOfiXKHEmT1GQ
JaseFilm,https://www.youtube.com/channel/UC4sa_UCD4DYv9kim7UA6elA
exploring_analog,https://www.youtube.com/channel/UC8RoxMlFRNZNUFMvwPqZ_Ow
AnaloguePT,https://www.youtube.com/channel/UCxGzTCecw_vtLpeFYcNhSOw
soperfectfilmcamerasanalog9483,https://www.youtube.com/channel/UCl6Lye1c4K9U2REEhzUyb8w
O.Persson,https://www.youtube.com/channel/UC1XhT91z6CPH1cxsLIayFUQ
TheProfessorofFilm,https://www.youtube.com/channel/UC3FBELA7lubGV8goqGnzV8g
therealJaggle,https://www.youtube.com/channel/UCaZjnlZVLCq7RKbZvYTUiIg
alexhaslamphoto,https://www.youtube.com/channel/UC45jbciTUuMCnd9b4XdT8vw
RollWithItCameras,https://www.youtube.com/channel/UCBNRAqqKZbcXkqYSMvcbCig
ArmandoStreets,https://www.youtube.com/channel/UCOjfxR6L3BhkjuwGa5s3r8g
SilverGrainsbyAranya,https://www.youtube.com/channel/UCG8vYNafeJSTLuNoQ_-hrUQ
myphotographyworld9780,https://www.youtube.com/channel/UCfykmYKhut6IUv4B87PxGEw
demidovich-film,https://www.youtube.com/channel/UCasCfTJs_Cs1z-gx6-KBWRQ
princessshredder,https://www.youtube.com/channel/UChjsqOMm_dAwCGQhLVchmPA
CathyandLeon,https://www.youtube.com/channel/UCd5CvFc9gpqcK0dIRNlJSIw
tomkluyver2414,https://www.youtube.com/channel/UC2r9VbmeCVY5gCYMey4TrqQ
ContextualGrain,https://www.youtube.com/channel/UCuM32LkQHT_pNVvw6EEBBBA
vijaymathewjoseph3593,https://www.youtube.com/channel/UChbGqDPCNWYBbp94LMbhNJA
espenbjrkvold5119,https://www.youtube.com/channel/UC7z_yVIppKvrFLGocmsn3hw
juliedavenportcreative,https://www.youtube.com/channel/UCYsm3sOGd8jCwnWwjMX6KUw
filmphotographychannel1618,https://www.youtube.com/channel/UC-d4UzYSCIumVEEJVibzi3Q
FPC-Y2K,https://www.youtube.com/channel/UCoyPfaThWozJyeXfYFBYoTw
Bojifilmcamera,https://www.youtube.com/channel/UCNCmz5SoD0WrXeaXUD4IxIg
nickschraml,https://www.youtube.com/channel/UCzayE80UPm0EKKnfM8WmRqQ
MKRShoots,https://www.youtube.com/channel/UCUvebjkaewKHWvuFcDVUH9g
neitofoto620,https://www.youtube.com/channel/UCc43xUzbQYvfof2ZDhmFYgQ
seefortyone3840,https://www.youtube.com/channel/UCil3X5J0YFxlSE9P1MfpFfA
photographyjoe,https://www.youtube.com/channel/UCA8YZN8PNBnLUYYqSwYFoNw
nopaynenograin,https://www.youtube.com/channel/UCF09Pwm4_XCJiSLYzcCJEjg
ActiveCapture,https://www.youtube.com/channel/UC2axVmDdtD0JFGOKpOzH3BA
marco_garavini,https://www.youtube.com/channel/UC2yXsMdjepClS3IvFHUoKgg
robertsamuel,https://www.youtube.com/channel/UCEUtalYL00SYNiGqj6TOO1w
shibuyasoul,https://www.youtube.com/channel/UCCabkTCFORqlp8galBJqTyA
ramz6x7,https://www.youtube.com/channel/UCROWhy_JQ3DJvzKA3SwVCnw
UrbxnLegend,https://www.youtube.com/channel/UCRhHO0Hjy9uQllDYQ53ykpg
24Exposures,https://www.youtube.com/channel/UCxIhkIZYGzTFis6XkCc7k0Q
NegativeFeedback,https://www.youtube.com/channel/UCTgaiv8YdmmNqI8STrpWc7w
JPPhotographyFilm,https://www.youtube.com/channel/UC4znWJAAtqoLcfVDDSBWDnQ
ShootOnFilm,https://www.youtube.com/channel/UCcMP7e4NwtJAkJU-XbAwxFA
Talru,https://www.youtube.com/channel/UCXnOei4czxfhUKjygwFNyog
grainmaker.photography,https://www.youtube.com/channel/UCFudRaRxc-rL2nOZVxqTS-A
film_Ricohfujifilmfujitsu,https://www.youtube.com/channel/UC0DO26XqguhfqaqN9N-sFHg
gmphotoandfilm,https://www.youtube.com/channel/UCOxHUOtbVSuBxB5GNkrYD3g
PriceFilmPhoto,https://www.youtube.com/channel/UCdBscyASlsMlOOqo7EqebOQ
pavilionfilmphotography1340,https://www.youtube.com/channel/UCILO422F7fJ4qFHLa5j8bxQ
MomentsPhotographyFilm,https://www.youtube.com/channel/UCFUdrubkNCZYSD6PW5wET_A
shutterupphotoandfilms,https://www.youtube.com/channel/UC8PBDrk023jd8BSyQrYT1Pw
learninghowtoshootfilm9695,https://www.youtube.com/channel/UCfUggD9S1f7BqUahyqGUjZg
ShootFilmLikeaBoss,https://www.youtube.com/channel/UCRev1D_EDHyzhW8_voY0Z_g
thefilmcameraclub8141,https://www.youtube.com/channel/UCzKhyEguQzZeLb5eSR-ylIA
weshootfilms,https://www.youtube.com/channel/UCMs9TBBASgiv_KlXI9WV08A
debuthefilmguy1897,https://www.youtube.com/channel/UCRpmR_DkYmNYI1SFBDLKKHg
Mobfilmguide,https://www.youtube.com/channel/UCraM9CrMr5g6qllXmeHbopg
TheFilmShootRentalRoadmap,https://www.youtube.com/channel/UC0h2JjHCm7cshQOvYtUV5AA
savannahkay-filmcourse9867,https://www.youtube.com/channel/UCiZk048Ctz_lGo5zYB0P4vw
PhotoMeLarry,https://www.youtube.com/channel/UCLCMFBHOWI49aUBkbyO4KRQ
LetsMakeaMovieProgram,https://www.youtube.com/channel/UCapimc71Qjkx7muTKdBRooA
shootdefilm3463,https://www.youtube.com/channel/UCQ1bcztFJ1MK1Uus6XPqvkA
JudeStreicherPhoto,https://www.youtube.com/channel/UCUCr8GhkIFqdyf6kMkDXJyg
grainmaker,https://www.youtube.com/channel/UCmIh351GOT8f7lYku_0ScEg
FilmSkills,https://www.youtube.com/channel/UCtgI37Uwf2X9fBsFxKNVbug
brandonshootsfilm5669,https://www.youtube.com/channel/UCaXQwW1PsNdFqA8F_05YvZw
HitFilmProduction,https://www.youtube.com/channel/UC3cKghnhrb8alsJ1uYv1pYg
infinityartsacademychicago3078,https://www.youtube.com/channel/UC69O-mWwrujqYJZG4ReXQMg
BrookerFilms,https://www.youtube.com/channel/UCDxE9HUZZdglfItSpQuaaJQ
TannerShootsFilm,https://www.youtube.com/channel/UCgof1FmcXBHwKvZTt8Mf-IQ
maharajakshat09,https://www.youtube.com/channel/UCh2hDPAZzMCid6Xh5WPZC9g
WebDesignGeek,https://www.youtube.com/channel/UCdQmV99xDtQprgNxlKdpk0w
DesignMedium,https://www.youtube.com/channel/UCz-1_EkgB8In_DsS2hYaeWw
codedesignwithiman5809,https://www.youtube.com/channel/UCd1MWQIbmd1vOEi24lEOINg
uidesign9060,https://www.youtube.com/channel/UCQr78E0dozXJCIncCnCDLIQ
thewebdesignclub6006,https://www.youtube.com/channel/UCW0ERZOB8s7Ay8gyD1GNBlw
digitalrite,https://www.youtube.com/channel/UCz_gH41WSd-pdcXvCh8ImCQ
VinitDesigns,https://www.youtube.com/channel/UCzf2Lw_6qH_8YobHwW5_Hyg
high4tech4U,https://www.youtube.com/channel/UCRVzPB_HEnnKz2mqCZrTlEQ
upscaledesign5482,https://www.youtube.com/channel/UCZscSt_wW9UNWSUMb3D_tBA
straightway313,https://www.youtube.com/channel/UCohyd1L-aZC4G_dPz6P-DKA
mrwebdesign9908,https://www.youtube.com/channel/UCX0uBtwnvUK1z7YxsNJA7kA
webthat-webdesign8716,https://www.youtube.com/channel/UCfw_A1RCZreG6ZP_6hrnEcQ
skldesign6276,https://www.youtube.com/channel/UCxGTzQX_KazUlBRacUlNPPQ
CodeAndDesign,https://www.youtube.com/channel/UCrdU_psDiWiT6ZRuIa0y2xg
artleodesigns8171,https://www.youtube.com/channel/UCihNKejq40UXkL4qX08zHLA
DesignFirst2020,https://www.youtube.com/channel/UCehRh5VemSj2XNpoVMDDU4Q
EnxhS,https://www.youtube.com/channel/UCdfwPWTLX62cZFwkj-UOVZQ
MohsenCreative,https://www.youtube.com/channel/UCvmPCoP-F6mlyUCVf5stkfg
rb.webdesigner,https://www.youtube.com/channel/UCBVTeamD6rMpVXVNNtD-OGQ
leopixelstudio8098,https://www.youtube.com/channel/UCb1z1uQ9xqO9xBnWBc1Yq0g
Photoshop-Basics,https://www.youtube.com/channel/UC95Tpdvb6CabdoiftZB_xXA
BasicPhotoshopT,https://www.youtube.com/channel/UCaf3NHqGxrkA6RMPJZiQLGQ
basicphotoshop1152,https://www.youtube.com/channel/UC7vE_GFvpITKjSqELG5OJBw
basicphotoshoptutorial4073,https://www.youtube.com/channel/UC85-Wimtbk6HrptISqRKeFg
LetsPS,https://www.youtube.com/channel/UC0ycr0VzyoKCsO8CQcVf98w
photoshopbasic6326,https://www.youtube.com/channel/UCYcMsVr97YAKFp2I-WOpcpg
adobephotoshopcctutorials8891,https://www.youtube.com/channel/UCpt5cXgHu3zZa-TQNh1tnWQ
photoshoptutorials6242,https://www.youtube.com/channel/UCnqGzQRIUbHW0vHlPXU1SSQ
learnonlinephotoshop3334,https://www.youtube.com/channel/UCPirJmq0IPEgBMdMA9j3oCQ
photoshopbasic6707,https://www.youtube.com/channel/UCYeToj1cDLHFavjFMTxPhVA
basicphotoshopbytatap2288,https://www.youtube.com/channel/UCk_3k3rr9fwY1fA-S61fmDg
photoshopbasictutorialsvid2502,https://www.youtube.com/channel/UCWRy-2SBcSQ_ncayS--Bp0w
thisguydoesphotoshop,https://www.youtube.com/channel/UCkQPeG0WaXB1Q8231zWSztw
photoshoptutorials8790,https://www.youtube.com/channel/UCJhbzchZTuCgN4tfWvJO5tQ
photoshopeasy6519,https://www.youtube.com/channel/UCHoMkuEWou0bJqFyweingFA
photoshopfastandeasy8971,https://www.youtube.com/channel/UCwy7WDhs_zPNupt5e_6ky0Q
PhotoshopTutorials-x4p,https://www.youtube.com/channel/UCnVEQ91u1BEBalv53viT4Tw
photoshoppakistan,https://www.youtube.com/channel/UCTR6RUdBgBySCM25tvUy9Pg
PiXimperfect,https://www.youtube.com/channel/UCMrvLMUITAImCHMOhX88PYQ
Coma_fix,https://www.youtube.com/channel/UCE_gUhorLiRqedbVSlGjoKQ
photoshoptutorial5994,https://www.youtube.com/channel/UCadRhW23zwFxQzE1q9fjLJA
Photoshop_Tutorial_Tool,https://www.youtube.com/channel/UCgvZqEQO7ltpt3kSJ8pv1Ng
photoshop-2022,https://www.youtube.com/channel/UCZRc8dTjKSTmTqzok13dEeQ
photoshoptutorial7248,https://www.youtube.com/channel/UC4CiOk5lPscyWpnzNNsjPOA
PhotoshopShorts,https://www.youtube.com/channel/UCA0HlE1oA0jduQzdG0inGeA
photoshop-tutorial-shorts,https://www.youtube.com/channel/UCIDD4756fCGPWqbYZBQSj1g
photoshoptutorial4066,https://www.youtube.com/channel/UCUF5h_lxhvuatBcf05K_FTg
photoshoptutorial8466,https://www.youtube.com/channel/UCnui9hQzNTC7LPY0p57vdBw
adobephotoshoptutorial9880,https://www.youtube.com/channel/UCSL48JRtpIGOS_K8vcrao-w
MirRom14,https://www.youtube.com/channel/UCEoyp41c5FU0JoImJy8rPzw
JamesLPhoto,https://www.youtube.com/channel/UCP4i_H7qy2uUiotvO7imt9w
andylockphotography,https://www.youtube.com/channel/UCh3_J-K31r17p6YVwNEMtOA
davidgaiz767,https://www.youtube.com/channel/UCJ4r-fJYmwlUXn2rGpLIGjA
RebeccaHarkness,https://www.youtube.com/channel/UCv305pipqCzDA3qPJ7UF1yQ
dtgphoto,https://www.youtube.com/channel/UCLWBtocpWvE9k_3pHFXsg2Q
jamiemacisaac5204,https://www.youtube.com/channel/UCbhmbKbUxPHdXcenrUt1rtA
marcelolessaphoto,https://www.youtube.com/channel/UCiDI0jUDLc12U1b4ZKUPoyw
RockyMtnReflectionsPhotography,https://www.youtube.com/channel/UCPTkfrQbgcX93XPQTQm1UYQ
joelwoodward7224,https://www.youtube.com/channel/UCkBTmcg46w-3Xf5o5ZrZP5A
VisualWilderness,https://www.youtube.com/channel/UC-MEnB6LTb4Oc7qjBpwQ1EA
dariusdoctor4426,https://www.youtube.com/channel/UCPlDMzo6GPWWUTRAsWzjBJw
DASGUPTASUBHAJIT,https://www.youtube.com/channel/UCB4rL8GXIE9dso9d01IVFiw
manishmamtaniphotography3694,https://www.youtube.com/channel/UCkAkD1Us58p1PzgCoZlFumg
michelenoulos7688,https://www.youtube.com/channel/UC8d2Meb_0zWou7O1NtsF9qA
christiansanchez6992,https://www.youtube.com/channel/UCzuNmlju1WNoUDzZxIOZfaA
amylenster3229,https://www.youtube.com/channel/UCxWnW6RNszZoROG1a_s33lw
RKPHOTOSHOPTUTORIAL,https://www.youtube.com/channel/UCJeXWSfNVRU_dn8zOZEpshw
PhotoshopTamilTutor,https://www.youtube.com/channel/UC4epnr_qZ1VL5Fo-KK_M2wQ
learnphotoshopintwi,https://www.youtube.com/channel/UC7E8-XjCPlpX6GmQglvJs9w
Samimmondal316,https://www.youtube.com/channel/UCMyVPEk52ZdfOVJxW3FhOcA
realtutorial550,https://www.youtube.com/channel/UCKU3N68Fo2B0RBL8LrqGeUA
endlessknowledgephotoshopt7655,https://www.youtube.com/channel/UCHJBrJGHXZixAKmkcLPRsUQ
shahinthephotoshoptutorial9413,https://www.youtube.com/channel/UC5NpbjV6SljxS6tpXf5yNZQ
photoshoptutorial4541,https://www.youtube.com/channel/UCmXFaT08VJ9ZWXeYUSFXdZg
firepicante-jy1xh,https://www.youtube.com/channel/UCG1YSg2ToeX9NLuoSFqpfrw
RajBanik007,https://www.youtube.com/channel/UCGlAvXcHZfSt1ZYdxfxyPGA
Funnyrajpinkibanik0.2,https://www.youtube.com/channel/UCPz2AAPzEvDW5TdSpCj3DTA
RKB_AVENGERS,https://www.youtube.com/channel/UC1BUrGI79B2Gh8giswdCz1w
RajBanik1,https://www.youtube.com/channel/UCaRdMTswnpPsYcxsIRcSRZg
zishandhar8681,https://www.youtube.com/channel/UC4J1l2wZ--0pbR8ESpqbYqQ
musiccircletv8571,https://www.youtube.com/channel/UCTcHmCHEL5Ssx7xqb-v9Fyw
mr-apnamusic462,https://www.youtube.com/channel/UCrIP353i6d5nh5JrIXIGwjA
thebanik9109,https://www.youtube.com/channel/UChCNaVTJ11fAt1TRRKrs5FA
Shahnawaz1-01,https://www.youtube.com/channel/UC0AqQuUT54KyRmgdjq8Whsw
banikroy-fw1ik,https://www.youtube.com/channel/UCT0lJAaH8luH6Cs9uspzDAQ
BGMUSICAL-b6z,https://www.youtube.com/channel/UC01iVwnUPciSbmR7qrLb4Qw
Ashish.Yadav54,https://www.youtube.com/channel/UCI7Yku7HQ4mqZ9lmKn3PvWA
Shreyadanceperformance,https://www.youtube.com/channel/UC9tAj2drQKpZTPXdTvgu6fA
aacreation8817,https://www.youtube.com/channel/UC8kZdC-QmddsJ2CaEKVoE3g
snowangee4276,https://www.youtube.com/channel/UCIQ5Na9Gx2FXzGVoabmAk8w
sanjibsahu5768,https://www.youtube.com/channel/UCuyXEbqq_-r9ztX0nCF0-tQ
Shashibhaiofficel___8m,https://www.youtube.com/channel/UCdjnhqP66FN_kVUTHo6eNJA
ApnaNishadOfficial1,https://www.youtube.com/channel/UCS_UhKtpYD-1GetKbOjGjNg
greencharmmusic,https://www.youtube.com/channel/UC-K8RhJJbHc3KyZXN1QF7fQ
HowtoGraphicDesign,https://www.youtube.com/channel/UCJneT8kR87YUTTi_jUEcg5w
Theoracletz,https://www.youtube.com/channel/UCtvUTjvj9yrw7uulKdmxoJw
swervedesignsuk,https://www.youtube.com/channel/UC9kxpA_FHEsXX1xWMb-Egow
photoshoptutorialsbytheora904,https://www.youtube.com/channel/UCqCjkdf8zickMqDU9buRZpg
MutualGridTutorials65,https://www.youtube.com/channel/UCe8INVbLVtIXrxl47s-s4Ng
graphicdesign7393,https://www.youtube.com/channel/UCli8WRX5KfVXxHVnBjl2S8Q
MasterPhotoshopTutorials,https://www.youtube.com/channel/UCaIL-BZFjo4dlCf07b1Zk_w
photoshoptutorials3034,https://www.youtube.com/channel/UCyzvH6xqfnRRX3e0RpPuolQ
How-0008,https://www.youtube.com/channel/UCb46rYxLI_qcFa3iX18jWZA
PROEMLGRAPHIC,https://www.youtube.com/channel/UCAvxEUklOgwvcLFGDJgzeDg
photoshoptutorials6595,https://www.youtube.com/channel/UCPyTzLameMxuR7BIuxE0w1w
creativetutorialsingraphic1605,https://www.youtube.com/channel/UC4pY29QdSxdaeeblzWMADZg
graphicdesignbyheba7593,https://www.youtube.com/channel/UCVUMjnP-SfOPrVnIrH1ZgPQ
ZiGraphicDesigner,https://www.youtube.com/channel/UC9VBypwEDCcsTz-zqqu4G_g
BlackPIXEL_bp,https://www.youtube.com/channel/UC-08CID17jPG1t-xIQt_CGg
asadgraphicsart,https://www.youtube.com/channel/UCNSYJ1zue60ShK47swmhBHg
freeonlinecourse948,https://www.youtube.com/channel/UCduT8D4-5cXYz_3UTYfIatg
fiverrservice6733,https://www.youtube.com/channel/UCdtAnjRjVJfH0_FEbAysqSA
onlinecourse1498,https://www.youtube.com/channel/UCayMB4pjrhP9tS9a9DuNq5g
onlinecourse07,https://www.youtube.com/channel/UCnI9rs1TuURR3MAGzCxK3mg
Digitaleducation-g8e,https://www.youtube.com/channel/UCY_Da89QXTU-p-zqEGsn42Q
brightwithus7227,https://www.youtube.com/channel/UCPlj72PMn7y_JREGJQyjZIg
fiverrintro8984,https://www.youtube.com/channel/UCfQOgiLWsaJXoNKrhnC9Xfw
FiverrMulti-MediaServices,https://www.youtube.com/channel/UC2L1dgUd6A_ldr97KIwzurg
starronlinevideos,https://www.youtube.com/channel/UCYomP5yEy2HuFIlP_3V0bsg
Thebestonlinecourses,https://www.youtube.com/channel/UCbrjqUy5ThSa_GocLFaSjOQ
progatiit,https://www.youtube.com/channel/UC_pRcuSv83BNszxPmJ1EoTg
hasnadkhan9552,https://www.youtube.com/channel/UCEW4fMH_rIUC_7Mg-irypBQ
AliAsgharLLC,https://www.youtube.com/channel/UCgSCIkALh1uWJwXXV-w_86Q
shikhboekhon,https://www.youtube.com/channel/UCO2CypRfF2tiaLZO0CwvacQ
earningtips4719,https://www.youtube.com/channel/UCMNJuBLDiCj0C_jAv_Ds71g
legitebusiness,https://www.youtube.com/channel/UCgY5C6wTjvz6NCE0qoJ-dzg
ShaziaNasir-u6s4i,https://www.youtube.com/channel/UCJLnXyo4e5jIJSHHYnn1C1g
Deounitsolution,https://www.youtube.com/channel/UCAq_OSdrlhIYTaiEZZHA6-g
onlinecashacadimy8905,https://www.youtube.com/channel/UCSKlhiFy1BHkCrBDE-8ydjw
haimaledits,https://www.youtube.com/channel/UCW2R48somvVeXDkP0H8fbMw
CreativeGapPodcast,https://www.youtube.com/channel/UC3ZHXk6sM90lsGWRmmxMR7w
TheHungryCreativePod,https://www.youtube.com/channel/UCuPOJbFWd-9QeqVkzIBnZ0Q
CreativePepTalk,https://www.youtube.com/channel/UCuP4Q6tljoA1c5IWyh5ws6w
TheAuthenticCreativePodcast,https://www.youtube.com/channel/UC3BkGf8yTZ4EldJFO-aJv3A
CreativePodcast-h1h,https://www.youtube.com/channel/UCruRZmdJH9ih_l0nMrSA1Tw
CreativeBlock,https://www.youtube.com/channel/UCSFYCJopO10SM9QOhIxGskQ
createdcreativepodcast,https://www.youtube.com/channel/UCy_uOp3HR9asMHn7AaajYqw
musicmarketing,https://www.youtube.com/channel/UC-4GdLK9HLyf6watiUMZX7Q
creativekutchpodcast,https://www.youtube.com/channel/UCJZUGc8DkbKyzvbWOMUPwzg
theunmistakablecreativepod5266,https://www.youtube.com/channel/UC1fV0h0qX61f6rkUBEIip-A
morecreativepodcast5642,https://www.youtube.com/channel/UCo3Omo_RhvbWea90dbDLhwg
6FigureCreative,https://www.youtube.com/channel/UCFOmlMLtAtztinBouFdJB9A
CreativeOpsPodcast,https://www.youtube.com/channel/UCZORWZJCErP4k0TGONdJYnA
thestaycreativepodcast206,https://www.youtube.com/channel/UC7TWIEx-554dhganLTqWVYQ
HASCreative,https://www.youtube.com/channel/UCio3ArXLJ_Mo8FLLGVzIC5A
Creativepodcastt,https://www.youtube.com/channel/UCkD0a5sbaOgKnBmp-bkq_IA
CreativeByDesignPodcast,https://www.youtube.com/channel/UCSP74gTpGhUubGnvg2xuUkg
creativepodcast-28,https://www.youtube.com/channel/UCZmaXQSU7AT_zqSx_4qud4A
thecollectivepod,https://www.youtube.com/channel/UCCD4fnYzxc9TBTsDV9ewlPQ
CREATIVEPODCAST06,https://www.youtube.com/channel/UC1pd3jF-X_Tu5BU9jp9M26w
f64Academy,https://www.youtube.com/channel/UCCtxWq6RSZNFxz_d4hCKxgA
lloyd356,https://www.youtube.com/channel/UCuk3aeV-ybK69W76RQnCgOg
vintagelenses100,https://www.youtube.com/channel/UCviaueXPd5OgnKP2wa7Xn7g
studio99photography,https://www.youtube.com/channel/UCKdF2N-4jvS4whb999q31TQ
TjLeClairPhotography,https://www.youtube.com/channel/UCSAep42a_E7DAl0MELwBWbA
Theinanfilm,https://www.youtube.com/channel/UCBpToc9dZhYjC0ZyXznbXdg
김진형-o6u,https://www.youtube.com/channel/UCMb0CmZBw0B6n02XpvEkOcw
ohjajohh,https://www.youtube.com/channel/UCmd9fs6XJNn9e_XR-zHZ5Uw
8daysfilm0911,https://www.youtube.com/channel/UC7HoLYCZS7P3I6Raya1jN-A
benferris6472,https://www.youtube.com/channel/UC7omqU5sf_JcWKkuXfZxIKw
adam_kopecky,https://www.youtube.com/channel/UCpduZhXdK2TUiTv2y3Q7S0A
Vintageandfilms,https://www.youtube.com/channel/UC7I2Zmv4gV3QosVxeepzekg
NathanMallek,https://www.youtube.com/channel/UC0aaN6nYmnKggceNFEr_kUg
LemonHeadNatureBinge,https://www.youtube.com/channel/UCCfqrgfx3fxj25Sdwzz29hA
